first_name,last_name,club_name
Thorstein,Aberdalgy,Jatri
Ruy,Simmins,Tagpad
Rudolph,Sodo,Wikido
Austen,Duchart,Realbuzz
Bev,Chiommienti,Skippad
Ludwig,Strass,Tagpad
Allx,Mumford,Devpulse
Pen,Gratland,Yata
Isabelle,Eglese,Youbridge
Guthry,Reeve,Topiclounge
Sunny,Sillars,Browsezoom
Karil,Aumerle,Voomm
Andra,Hancke,Katz
Reinaldos,Botwright,Bubbletube
Fabiano,Drinnan,Thoughtstorm
Mamie,Jenyns,Jabbersphere
Tressa,Paireman,Meevee
Emmet,Bapty,Thoughtbridge
Pearla,Evetts,Kimia
Nev,Benediktovich,Realblab
Verine,Vipan,Gabtune
Gilberte,Woodcock,Latz
Anatole,MacGregor,Aivee
Marleah,Fossord,Realblab
Darlene,Cheine,Fiveclub
Burlie,Derrington,Meejo
Charlot,Le Teve,Photolist
Willdon,Kestle,Bubblebox
Ashien,Gentner,Roodel
Helsa,McPartling,Demizz
Kendal,Vears,Youbridge
Geraldine,Moorerud,Edgeclub
Jacquelyn,Gabitis,Browsecat
Krystal,Goodayle,Jabbersphere
Anette,Real,Yambee
Eward,Khristoforov,Thoughtbridge
Blinnie,Bacchus,Rooxo
Jo ann,Halkyard,Ntags
Cornelia,Bicksteth,Tavu
Carlynne,Albiston,Trilith
Idalia,Coney,Realbridge
Heloise,Quixley,Quamba
Georgette,Margrem,Mymm
Karoline,Tourne,Aivee
Hilly,Arenson,Yabox
Alida,Tollet,Plajo
Ida,Port,Voolia
Chan,Poley,Photobug
Maximilian,Liverock,Realbuzz
Salomi,Hazlehurst,Photolist
Debee,Aimeric,Demimbu
Nicky,Lithcow,Jaxspan
Agnella,Valente,Topicware
Ferdinanda,Bernaciak,Camido
Francisco,Kattenhorn,Teklist
Welby,Walthall,Eimbee
Legra,Glazebrook,Photolist
Granger,Wells,Vipe
Monika,Eyes,Thoughtblab
Debora,Gallaher,Browsezoom
Elizabeth,Bellamy,Dynabox
Bing,Poe,Wikivu
Deloria,Breton,Blognation
Arnoldo,Foxten,Quimm
Ulric,Schnitter,Dabfeed
Malina,Brabant,Eamia
Ilene,Eschelle,Photospace
Iolanthe,Hulle,Trupe
Ly,Batham,Twitterbeat
Loni,Morrison,Photobean
Reyna,Camoys,Quatz
Kevon,Neward,Rhybox
Graham,McDaid,Babblestorm
Lorettalorna,Stancliffe,Edgewire
Stan,Taveriner,Vitz
Isaak,Graves,Skiptube
Pippo,Burnet,Abatz
Darryl,Apark,Yodo
Cookie,Clewer,Flashpoint
Kelley,Terbeck,Dabvine
Beniamino,Gatherer,Leenti
Antonina,Bartholomew,Tazzy
Cesaro,Silverstone,Nlounge
Mari,Byart,Lajo
Shem,Jarnell,Tagfeed
Elwira,Judkins,Skilith
Lalo,Wethers,Agivu
Lurette,Cheshire,Flashpoint
Thurston,Bunney,Lajo
Daisey,Skully,Yakijo
Sydney,Ramas,Fivespan
Gran,Lehrian,Brainlounge
Kristine,O'Hederscoll,Mudo
Heddi,Mac Giany,Mydeo
Laraine,Tombling,Vipe
Gallard,Peaurt,Jayo
Olga,Filip,Twitterworks
Gav,Philipp,Zooxo
Hali,Donnett,Pixope
Jaquelyn,Fogt,Divanoodle
Kele,Mathevet,Yotz
Clotilda,Deyenhardt,Layo
Stearne,McCrohon,Bluejam
Saxe,Cushion,Brainlounge
Karlen,Egdal,Realmix
Smith,De Domenici,Yodo
Ernaline,Kynder,Rooxo
Nevile,Llewelyn,Chatterpoint
Roobbie,Moutray Read,Gabtune
Hayley,Jillins,Topicware
Rudd,Raffon,Tagtune
Ephraim,Urlin,Tagopia
Jaimie,Giovani,Yamia
Danielle,Dyshart,Podcat
Haven,Blumer,Oyoloo
Chandal,Lenz,Pixope
Blithe,Blanshard,Quimm
Beltran,Roon,Rhynoodle
Ganny,Krolik,Gigashots
Beatrix,Jollands,Myworks
Dollie,Dorsey,Meembee
Letizia,Frascone,Vimbo
Rebecca,Skeech,Chatterbridge
Whitney,Farquhar,Meezzy
Blair,Crapper,Yadel
Antoine,Dimelow,Eidel
Marrilee,Tanser,Flashset
Saloma,Goseling,Linktype
Yorker,Considine,Skyvu
Sheila-kathryn,Luetkemeyer,Skyndu
Frederigo,Challener,BlogXS
Bary,Glasspool,Meezzy
Emmalyn,Caghan,Ainyx
Myrtle,Collings,Trupe
Twila,Baird,Eare
Byrann,Dottrell,Flashpoint
Clark,Kores,Trupe
Rudyard,Ponting,Vimbo
Charita,Lafaye,Ozu
Modestia,Thornber,Yodo
Krista,Ferencz,Oyoba
Eunice,Heaslip,Youopia
Fulton,Normavill,Yotz
Lynn,Colloby,Livetube
Irene,Raveau,Leenti
Eddy,Braithwait,Photobug
Alika,Brame,Zoomzone
Major,Piegrome,Topicstorm
Riki,Bishop,Brainbox
Stephana,Gauge,Oozz
Reeva,Veart,Babbleopia
Florinda,Godden,Jabberstorm
Bartholomeo,Yesinov,Roomm
Iolande,Crellin,Devpulse
Clementina,Ovesen,Ntags
Sherwynd,Bricknell,Skiptube
Tamiko,Maddigan,Kanoodle
Kahlil,Roden,Jabbercube
Kimberley,Bossingham,Bluezoom
Livvyy,Moro,Eamia
Christiana,Witcomb,Babbleblab
Doti,Manhood,Gigabox
Nadya,Wych,Kazio
Valaria,Valente,Zooveo
Nichole,Crilly,Eadel
Stanley,Lovie,Edgewire
Bondie,Heckner,Tekfly
Haskel,Jakoub,Jayo
Walsh,Trigg,Yakitri
Britt,Snelgar,Wikizz
Prisca,Earingey,Jayo
Sid,Lukasik,Yozio
Tito,Buxcey,Twitterbeat
Sherline,Piggen,Bubblemix
Charo,Lumpkin,Jaxworks
Ellsworth,Benne,Cogibox
Zora,Fobidge,Photospace
Reed,Dunlea,Shuffledrive
Xena,Markushkin,Wordify
Mike,Penketh,Jabbersphere
Zabrina,Butlin,Zoozzy
Hasty,Tuffield,Blogspan
Lyssa,De Domenicis,Demivee
Nero,Caught,Brainbox
Crystal,Fullwood,Photobug
Merrill,Neate,Voonder
Vic,Zisneros,Quatz
Bryanty,Wapple,Tagtune
Halimeda,Longbone,Twitterlist
Dianna,Flasby,Browsetype
Wait,Robbel,Photolist
Florance,Ondrusek,Jaxbean
Borg,Selway,Meevee
Adelaide,Laroze,Jatri
Ricky,Geddes,Vimbo
Stacy,Whissell,Edgepulse
Barny,Seater,Skimia
Oriana,Greaves,Wordpedia
Fields,Andretti,Gabspot
Rosetta,Endean,Realbuzz
Romona,McKenney,Linklinks
Bernete,Hodjetts,Yodel
Evey,Sesser,InnoZ
Yale,Dallmann,Tazzy
Gwenny,Pentecost,Voolith
Hebert,Guiduzzi,Blogpad
Conway,Dorken,Brightbean
Granthem,Geeritz,Zooxo
Bernard,Cristofor,Edgeify
Luke,Evamy,Photofeed
Andee,Sheryn,Tagchat
Dyanna,Dellenbroker,Wikido
Bret,Findley,Agimba
Casar,Deverille,Flashset
Say,Weben,Voonte
Derry,Sandeland,Kamba
Kevyn,Dunsmuir,Skiba
Reinhold,Trank,Feedbug
Benedikt,Langlands,Divavu
Vonni,Joskowicz,Yacero
Nolie,Kellie,Fivechat
Harbert,Blazy,Skajo
Morgun,Davies,Zoomcast
Nedi,Hickinbottom,Kimia
Fernande,Sawl,Topicstorm
Ivette,Eicke,Yoveo
Ulric,Stacey,Oodoo
Ellswerth,Breffitt,Twinte
Allard,Monini,Vidoo
Richie,Snowden,Quimm
Baird,Eberts,Katz
Dorie,Rizzardo,Jaxspan
Marwin,Scripture,Jaxworks
Maude,Gley,Zoomcast
Morly,Hundal,Kwideo
Brittney,Brogiotti,Eidel
Ede,Moffatt,Ntag
Fawne,Geekin,Pixope
Justinian,Cully,Vidoo
Bil,Dron,Tagfeed
Dode,Woodhead,Browsetype
Giustino,Segges,Gabspot
Aleta,Doll,Eadel
North,Eastam,Devify
Pasquale,Sibbit,Zoombeat
Antonie,Gumley,Jabberstorm
Kiley,Goddard,Jaxnation
Blondy,Harpur,Dabtype
Bat,Baterip,Izio
Candie,Edison,Jazzy
Tomasine,Lamplugh,Abatz
Ole,Tuckey,Riffpedia
Hubert,Keegan,Kwideo
Iosep,Samber,Feedmix
Idelle,Cathro,Kazio
Hobey,Riccardelli,Miboo
Nadiya,Gaitone,Gigaclub
Nerte,Pantling,Flashspan
Malinda,McKelvie,Voonte
Sherm,Caswell,Divavu
Helsa,Alldritt,Voolia
Tomasina,Andreolli,Digitube
Winne,Seekings,Yodo
Ula,Hulburt,Tagpad
Melany,Corr,Zoomcast
Ximenez,Shekle,Myworks
Jorry,Bladder,Trunyx
Pierce,Lardnar,Realbridge
Roberto,von Hagt,Meevee
Genevra,Dackombe,Tambee
Cross,Sinnatt,Aimbo
Si,Way,Yakijo
Rene,Bartleman,Skidoo
Shanta,Gush,Rooxo
Aloin,Monroe,Mycat
Rudd,Allon,Zoomzone
Chancey,Edmonston,Blogtags
Vivienne,Ashley,Blogpad
Vonnie,Ebbett,Eimbee
Rea,Colbertson,Centizu
Abbott,Underwood,Zoomzone
Fernanda,Nannetti,Zooxo
Beatrisa,Old,Abata
Westbrooke,Stanyforth,Skiba
Sara-ann,Whewill,Quimba
Urbano,O'Lahy,Yodoo
Martie,Labat,Bluejam
Ric,Carillo,Zoomlounge
Tiffy,Harrie,Trilia
Collie,Crosham,Blognation
Karol,Filyakov,Innojam
Fidela,Seiter,Yakijo
Gaylord,Chalfant,Gigabox
Alberto,Madigan,Dabjam
Taber,Abbie,Skyndu
Meredith,Haszard,Twitterworks
Carley,Simkiss,Jatri
Louisa,Howman,Mynte
Melisenda,Ingreda,Yodoo
Stacia,Lathe,Rhycero
Michaela,Fidge,Riffwire
Jourdain,Kippax,Kaymbo
Rayner,Limerick,Innotype
Kipp,Bonefant,Topiczoom
Gladi,Aylmer,Jaxbean
Frances,Sindall,Kazio
Wilfred,Cranidge,Zazio
Merwin,Mockler,Wikivu
Rance,Danbrook,Zoomdog
Robert,Laffranconi,Voonyx
Natty,Vanne,Realmix
Jobyna,Breckenridge,Eidel
Jeralee,Smeuin,Fiveclub
Darla,Otterwell,Thoughtbeat
Elden,Cornner,Zoonder
Jeffie,Fullagar,Buzzdog
Desiree,Derry,Cogidoo
Tova,Baigent,Tagcat
Ddene,Biddwell,Kazu
Matty,Commin,Einti
Jobie,Charke,Realfire
Josepha,Melluish,Eayo
Conchita,Macci,Skipfire
Lyndel,Cobbin,Vinder
Moishe,Dudding,Kwimbee
Gaynor,McKerrow,Devpulse
Ambrosi,Tipens,Devshare
Dominique,Deackes,Roomm
Rossie,Pavluk,Skimia
Derrek,Wharram,Jabbercube
Alica,Utridge,Gevee
Davey,Rodger,Kazio
Cicily,Ennever,Quinu
Alina,Heggadon,Buzzdog
Rennie,Ferreras,Wordify
Felicdad,Slaght,Jabbersphere
Tedmund,Lumox,Zooxo
Stillmann,Adicot,Zoomzone
Regina,Roullier,Centizu
Bambie,Bagger,Oyope
Edy,Turfs,Blogtag
Etheline,Poulney,Realmix
Grier,Peggram,Wordify
Reuven,Churn,Centidel
Shaylynn,Scrymgeour,Meejo
Leshia,Tesh,Eabox
Charissa,Moodie,Kazio
Rivalee,Kohlert,Buzzster
Leeland,Sulland,Youfeed
Harmony,Thorsby,Rhyzio
Sophi,Radish,Innotype
Calhoun,Taffrey,Skivee
Robinette,Tersay,Vimbo
Anjanette,Geldeford,Skipfire
Clerkclaude,Palomba,Feedspan
Truman,Sapsford,Skiba
Zeke,Paullin,Lazz
Easter,Pakeman,Realbuzz
Avis,Vedenisov,Fivespan
Cliff,Radolf,Yambee
Felic,Paaso,Meembee
Stavros,Brakewell,Meembee
Saba,Westcott,Feedspan
Wilfred,Ditchfield,Talane
Ofilia,Ostrich,Rhyzio
Etty,Buglar,Jetwire
Thatcher,Hegden,Fivechat
Lesley,Oleksiak,Mita
Juditha,Baitson,Innojam
Drud,Matchitt,Buzzshare
Armin,Lace,Cogidoo
Jillane,Macro,Kamba
Annabelle,Beynke,Thoughtsphere
Tobiah,Cottill,Skyba
Emelia,MacAllister,Topiczoom
Onofredo,Bresnahan,Skippad
Fowler,Bentinck,Wikivu
Bale,Brayshay,Meevee
Alley,Kings,Skynoodle
Valle,Saiz,Rhybox
Marianna,Idale,Skimia
Katinka,Whitlam,Skinix
Rossy,Gwillim,Eidel
Constantine,Ramel,Oyope
Clayton,Coping,Babbleblab
Melisse,De Filippis,Janyx
Jerry,Milington,Mudo
Olga,McMyler,Jabbercube
Beitris,Cockley,Oyoba
Gunilla,Cosh,Kanoodle
Flory,Prynne,Livefish
Alison,Burth,Browsebug
Lanie,Donhardt,Gabspot
Starlene,Robley,Rhyloo
Riane,Feckey,Twitterbeat
Edgardo,Gladdis,LiveZ
Wendie,Nanni,Kazu
Kirbie,Cross,Meemm
Myra,Spurrett,Edgeify
Perice,Filppetti,Wikivu
Marlo,Snook,Aibox
Phylys,Naerup,Devcast
Chuck,Button,Einti
Craig,De la Yglesias,Tagchat
Nedda,Blumer,Meetz
Cobbie,Wythe,Buzzbean
Valina,Kingham,Bubblemix
Sue,Chataignier,Muxo
Bron,Charlin,Dabjam
Morten,Turfitt,Buzzdog
Tera,Lafuente,Topicblab
Christean,Campion,Chatterpoint
Jackie,Freyn,Skilith
Constantine,Christian,Topicshots
Bard,Farlowe,Fatz
Norry,Treffrey,Babbleopia
Templeton,Amber,Yakitri
Sylvester,Macenzy,Centidel
Flor,O'Quin,Agimba
Cherianne,Colcutt,Centimia
Seka,MacBrearty,Avamm
Jolene,Rollin,Roodel
Neile,Sandifer,Topiczoom
Irv,Nanni,Trilith
Oren,Acory,Riffpath
Randie,Maymand,Devbug
Elvina,Hanlin,Ooba
Beatrix,Gloucester,Livetube
Pamelina,Brambell,Twitterlist
Rosita,Healing,Twinder
Samson,Leyes,Topicware
Stavros,Maffucci,Bluezoom
Alisun,Elks,Linklinks
Izaak,Cardo,Yodel
Blane,Slora,Zoombox
Isabeau,O'Siaghail,Meevee
Jackie,Ronci,Lazzy
Mimi,Blasius,Ozu
Arie,Leffek,Riffwire
See,Agget,Jaxbean
Rufe,McVity,Wordpedia
Welsh,Coundley,Youspan
Sydelle,Pegg,Oyoyo
Gilligan,Gilhool,Thoughtbeat
Dosi,Tuffley,Meedoo
Erina,Farnworth,Oyoba
Lefty,Taggett,Shuffledrive
Frederick,Childs,Chatterpoint
Alyson,Dumbarton,Lajo
Justin,Blabey,Oloo
Janice,Linnock,Innojam
Jorry,MacDearmaid,Talane
Mort,Roz,Jabbertype
Bonnibelle,Zmitrovich,Shufflebeat
Lyndy,Barsam,Rhynyx
Culley,McQuirk,Kwilith
Benedikt,Karran,Linkbridge
Elihu,Storror,Mita
Whitney,Dubique,Browseblab
Wynny,Enser,Lazz
Lacy,Newgrosh,Wikizz
Wayne,Fold,Wikizz
Cariotta,Teggin,Vimbo
Liliane,Handlin,Riffpath
Tildi,Mitchel,Yacero
Madonna,Gile,Geba
Amandy,Gebbie,Feedmix
Stanwood,Beadnall,Wikizz
Kandace,Blankley,Dabtype
Andree,MattiCCI,Trudeo
Puff,Dorbon,Nlounge
Lusa,Bellworthy,Zoombeat
Isacco,Tother,Browseblab
Sandra,Rubury,Trilith
Gannie,Onraet,Rhyzio
Tiebout,Eva,Babbleset
Bliss,Tsar,Linklinks
Bennett,Pykett,Jayo
Carter,Hutchason,Dablist
Tammi,Grancher,Jazzy
Gwyn,Nestle,Yabox
Hillel,Cota,Aivee
Britteny,Wycliffe,Linktype
Caria,Loader,Dazzlesphere
Darlene,Staries,BlogXS
Lennard,Mallinson,Devshare
Meara,Arch,Realfire
Towney,Peirpoint,Photobean
Cloris,Elce,Youfeed
Tarrah,Coughtrey,Zoozzy
Cristionna,Capron,Avamba
Binnie,Martine,Leenti
Thibaud,McGirr,Jaxspan
Elset,Spens,Yakitri
Ryann,Gleadle,Ailane
Laurella,Lant,Wordify
Ainsley,Reding,Rhycero
Son,Barrat,Wikibox
Janet,Swatradge,Yodoo
Bellanca,Hedges,Tagopia
Toma,Antonias,Youopia
Dominick,Divisek,Divavu
Fawn,Giovannetti,Digitube
Galven,Jendrassik,Realcube
Pia,O'Looney,Trilia
Peri,Beer,Thoughtstorm
Hope,Billinge,Twinte
Jesus,Brumfield,Vipe
Silvano,Khan,Voonix
Ingelbert,Oxenbury,Skyba
Leland,Ledur,Meevee
Gene,Magee,Quamba
Linnell,Speerman,Leexo
Ardis,Willowby,Riffpath
Yance,Buesden,Wordify
Marc,Brotherhead,Buzzshare
Dyann,Smouten,Rhyzio
Burtie,Gercke,Aivee
William,Paaso,Wordpedia
Livvy,Snoddy,Fliptune
Chevalier,Askie,Feedfire
Myrna,Pinnocke,Midel
Audi,Spark,Mynte
Harmonia,Mc Caughan,Agimba
Nathalie,Ascrofte,Vimbo
Brendis,Diggins,Dabtype
Anallise,Mosconi,Quatz
Judie,Varley,Dabfeed
Shurlock,Norcott,Babblestorm
Berk,Smallcomb,Pixoboo
Valentine,Tryme,Skivee
Melba,Yellowley,Yakitri
Lombard,MacAllen,Leenti
Lamar,Tompion,Realbuzz
Yanaton,Bosward,Roodel
Verina,Jeandel,Plambee
Tabby,Lyfe,Voolia
Gibbie,Stillwell,Feedmix
Bo,Carbin,Janyx
Lionello,Mattiazzi,Browsedrive
Ives,Twiggins,Yotz
Eliot,Duer,Linkbuzz
Avery,Mully,Demivee
Cassie,Tumini,Eimbee
Laurella,Wigan,Skynoodle
Ferrell,Fosdyke,Brainbox
Orville,Ziem,Skalith
Alf,McCurdy,Divanoodle
Emili,Migheli,Feedfire
Lin,Zapatero,Babbleblab
Phyllis,Uglow,Twitterbeat
Peyton,Stranks,Realblab
Raychel,Jeannon,Mudo
Giff,Pedden,Abatz
Errick,Kamen,Voonyx
Osmond,Beau,Ntag
Paulie,Welling,Digitube
Janek,Dole,Trilith
Erick,Sterley,Eare
Whitby,Barents,Abata
Corissa,Matteacci,Mudo
Nert,Danieli,Tagfeed
Izabel,Girkin,Leexo
Cassi,MacConnell,Centizu
Leland,Forestall,Izio
Nicoli,Wife,Cogidoo
Philomena,Tynnan,Skinix
Boycey,Cristofvao,Dynava
Rutherford,Alfonsetti,Skyndu
Ajay,Bromage,Camido
Corilla,Sturt,Devpoint
Moishe,Tabourel,Dablist
Jarid,Arndt,Realpoint
Paddie,Asling,Quimba
Loren,Coundley,Babbleopia
Bathsheba,Jurkiewicz,Roombo
Alic,Comrie,Centizu
Jewel,Druery,Plambee
Bartel,Gandley,LiveZ
Leonard,Williment,Ozu
Collete,Andriessen,Oloo
Rafael,Kippie,Tambee
Maryjane,Pennigar,Quinu
Ravid,Betancourt,Eadel
Belle,Robotham,Riffwire
Shaina,Newton,Livefish
Suki,Towsey,Pixoboo
Oswell,Mapes,Browsebug
Elke,Cairney,Quinu
Murry,Howroyd,Yakijo
Almira,Olivier,Vimbo
Andreas,Humbatch,Topdrive
Raquel,Macy,Mynte
Kimberli,Lailey,Rhyloo
Jana,St Quenin,Ntag
Brucie,Eymer,Miboo
Onida,Muino,Lajo
Batholomew,Berrane,Yombu
Giustina,Wison,Jayo
Anni,Handover,Flipbug
Korry,Bosse,Voolith
Wilden,Maccraw,Blogpad
Marlene,Rumford,Skyvu
Shelbi,Praton,Fliptune
Jeniffer,Rouke,Dabshots
Michell,McKnish,Feedspan
Gard,Joliffe,Tavu
Lorry,MacColgan,Tazz
Tiler,Presley,Tagchat
Farah,Sever,Bluejam
Pincas,Pigdon,Kazio
Kelly,Velasquez,Divape
Natassia,Bowen,Shuffledrive
Morty,Willarton,Yamia
Simone,Daborne,Izio
Garreth,Scholey,Bubbletube
Brynne,Tortoise,Twitterbeat
Fernando,Bristoe,Feedfish
Merrill,Talbot,Wordpedia
Susana,Manifold,Trudeo
Darrick,Fink,Zoomcast
Ailis,Offa,Livetube
Haleigh,Crimpe,JumpXS
Price,Nannini,Twitterbeat
Minni,Arnault,Browsedrive
Obadias,Oldknowe,Ntags
Randy,Konerding,Podcat
Vallie,Aldred,Browsedrive
Paten,Gandley,Reallinks
Fredrick,Flowers,Edgepulse
Tuesday,Parsonson,Demimbu
Walton,Domney,Dynabox
Linnea,Pead,Jatri
Adella,Bartolomieu,Flipstorm
Gifford,Poupard,Dynabox
Tomasine,Sizland,Roomm
Olva,Dobbin,Demimbu
Ingra,Troughton,Layo
Nicolas,Tayspell,Jayo
Fifi,Halburton,Dynabox
Athena,Extence,Topdrive
Jarib,McCafferky,Meembee
Dougy,Piborn,Zoomzone
Loreen,Goodered,Shuffletag
Fidela,Marginson,Skiptube
Salomon,Healks,Quatz
Karoly,Norster,Jetpulse
Cosette,Windley,Reallinks
Oliy,Niccols,Geba
Finn,Mynard,Yata
Patton,Yerlett,Meedoo
Edvard,McTrustrie,Geba
Jereme,Gittens,Fatz
Pattie,Pennells,Meedoo
Taryn,Mansfield,Photospace
Silvan,Cisson,Zooxo
Clive,Bladen,Midel
Christy,Lorie,Browsecat
Moira,Blanden,Livetube
Giacobo,Veighey,Wordtune
Webster,Cansfield,Quamba
Kile,Buret,Thoughtstorm
Romonda,Pieterick,Gabcube
Culley,Bissatt,Tagopia
Herc,Mintrim,Skimia
Jereme,Crabtree,Roomm
Urson,Williamson,Kwinu
Clay,Mottini,Voolith
Elsi,Antonat,Shufflebeat
Ingamar,Heinish,Linklinks
Vladimir,Morritt,Zooveo
Brunhilda,Stammirs,Abata
Amandie,Warcop,Demivee
Harmon,Basindale,Flipstorm
Adeline,O'Grady,Quatz
Sherwynd,Soff,Livepath
Farris,Winslett,Voonix
Constantin,Boult,Meetz
Kingston,Springate,Meejo
Fae,Hulburd,Camido
Dotti,Farthin,Feednation
Stanislaus,Lidierth,Rhybox
Carmella,Standidge,Roombo
Evangelin,Wagge,LiveZ
Chrissy,Fenning,Skalith
Nonie,Vallintine,Ozu
Brook,Croyser,Abatz
Hortense,Pennini,Wikizz
Arlinda,Lordon,Feedfire
Jessie,Phibb,Flipbug
Daune,Martinon,Kazio
Larry,Sango,Bluejam
Niel,Moscon,Jatri
Stanislaw,Tankin,Linktype
Star,Coldtart,Teklist
Cherry,Drissell,Jatri
Alice,Bunce,Kazio
Allys,Starkings,Edgeblab
Eddy,Jinda,Thoughtstorm
Umeko,Nancekivell,Bubbletube
Rowe,Castello,Skynoodle
Winnie,Gerram,Trunyx
Chadd,Tendahl,Browseblab
Charlot,Fost,Livetube
Corby,Caslane,Kwideo
Ardath,Felce,Zoomdog
Jemimah,Klewer,Youspan
Wes,Niess,Twitterlist
Gabi,Nezey,Midel
Ludovico,Paver,Topicstorm
Arielle,Cronin,Oyondu
Ainslee,Cotmore,Dablist
Adair,Dodsworth,Topiczoom
Mavra,Lambourne,InnoZ
Brent,Blasius,Jayo
Dewain,Castilla,Voonte
Puff,Scarre,Abata
Mollie,Eadon,Roodel
Coretta,Ipplett,Blogtag
Isaak,Taks,Avaveo
Lidia,O'Dennehy,Photolist
Godart,Prendeguest,Tazzy
Zeb,Caldes,Skibox
Hermy,de Cullip,Midel
Anabella,Lackinton,Rhynoodle
Hugues,Chrystie,Meevee
Carolus,Chifney,Topiczoom
Philippe,Fussie,Kamba
Talya,Gorhardt,DabZ
Norman,Dufton,Thoughtstorm
Gerick,Moine,Cogidoo
Tris,Piechnik,Twimm
Jacquenette,Souley,Devpoint
Sidoney,Zealy,Zoombeat
Karalee,MacKartan,Zoomzone
Tabbie,Farr,Zoozzy
Nari,Hlavac,Zoomcast
Thor,Phateplace,Yakijo
Anita,Gosart,Wikizz
Amos,Walduck,Flashpoint
Towny,Crooks,Gigashots
Arnoldo,Matejovsky,Skinte
Alfie,Brient,Voolith
Kristien,Tanslie,Twinder
Russ,Trinder,Feedbug
Pebrook,Tinto,Twimm
Alyse,Durman,Skynoodle
Kiri,Follan,Trudeo
Desdemona,Hutchason,Innotype
Garrott,Barton,Flipbug
Evonne,Forge,Rhybox
Stephani,Ringe,Bluezoom
Thedrick,Chatainier,Jabberbean
Joye,Killelay,Minyx
Carlye,Carlens,Voomm
Loralee,Banks,Blogspan
Alexandre,Skeermor,Skalith
Neysa,Raffin,Brightdog
Noak,Theseira,Flipopia
Leoline,Matz,Tambee
Vasily,Dowley,Skinder
Aurelia,Bercevelo,Eimbee
Pier,Chartman,Gabcube
Dalston,Gozard,Kare
Cornela,Layton,Yambee
Ilaire,State,Camido
Marne,Wheelband,Skinte
Culver,Tibbits,Tagfeed
Jessey,Stoile,Yakijo
Ingeberg,Grabeham,Yotz
Edik,Rochford,Centimia
Aprilette,Lille,Ntags
Trstram,Devo,Teklist
Trever,McGilroy,Shuffledrive
Lucienne,Roberson,Nlounge
Ruperta,Danielsky,Yoveo
Netta,Haswall,Meevee
Anthe,Corrao,BlogXS
Kore,Verbrugghen,Eazzy
Frank,Gethings,Twitternation
Imelda,Rubica,Skynoodle
Danni,Killshaw,Midel
Vernor,Yeardley,Lazz
Valeria,Dust,Yakitri
Sashenka,Ralphs,Flashset
Lenora,Hurt,Fadeo
Ellsworth,Kelcey,Flipstorm
Sharon,Oby,Linktype
Kandace,Wynter,Einti
Nertie,Crumby,Rhynoodle
Rena,Cuel,Buzzster
Any,Brownill,Omba
Homere,Gager,Thoughtstorm
Neely,Chang,Feedfire
Annabel,Jobbins,Twitterworks
Dusty,Aronov,Blogspan
Lucien,Pitsall,Tagtune
Terza,Bantick,Tambee
Marion,Yushin,Npath
Christopher,Tolliday,Gigabox
Nona,Haldane,Skyndu
Krispin,Ludewig,Lazzy
Holden,Laetham,Tanoodle
Charmion,Burnham,Jetpulse
Zuzana,Bracher,Ozu
Urbain,Van Merwe,Photospace
Donal,Edrich,Quimba
Milly,Claisse,Tazzy
Sande,Siggins,Voonyx
Tana,Tuffield,Kazu
George,Gilbane,Fivechat
Garreth,Schulze,Skyvu
Kent,Mayling,Thoughtstorm
Mathilda,Pisco,Yamia
Davin,Robun,Cogidoo
Jacinthe,Oxterby,InnoZ
Vergil,Geere,Snaptags
Sib,Goodings,Viva
Bryan,MacGaughy,Brainverse
Rosy,Brice,Demivee
Emalia,Sandbach,Meezzy
Marylin,Firpi,Rhynyx
Tybi,Caffery,Yacero
Durand,Rugg,Tambee
Timotheus,MacBarron,Quatz
Joly,Swan,Geba
Raimundo,Shipway,Eazzy
Shaylynn,Rhydderch,Bubbletube
Earlie,Edmonston,DabZ
Simon,Iannuzzi,Podcat
Tessy,Gobolos,Chatterpoint
Carlynne,Kiddy,Bluezoom
Cele,Jorck,Lazzy
Odessa,Cussons,Zava
Rene,Elliff,Ozu
Isabel,Sitlinton,Meembee
Chance,Rubinovici,Kimia
Sergio,Showl,Oyoba
Menard,Anstead,Livetube
Astrid,Lewis,Tekfly
Cynthea,Trunby,Voonte
Evy,Uccello,Jetpulse
Minetta,Selborne,Brightbean
Scarface,Gurys,Bubblebox
Gris,Mabbe,Eimbee
Dionis,Patchett,Oyonder
Siobhan,Peachey,Dabtype
Honoria,Gymblett,Myworks
Gladys,Lemasney,Realpoint
Bar,Ring,Jayo
Jessa,Pattingson,Thoughtmix
Kalina,Riall,Zooxo
Elroy,Craydon,Edgeclub
Kippar,Farthin,Tekfly
Joycelin,Raspison,Edgeblab
Omar,Deane,Oyonder
Shayne,Rutty,Eimbee
Padriac,Bleibaum,Yodo
Ariel,Von Hindenburg,Jaxnation
Althea,Frankish,Meemm
Toni,Covey,Flashspan
Alexis,Shoosmith,Kimia
Garrik,Lowfill,Kazu
Ciel,Moffatt,Flashpoint
Mycah,Chicken,Divape
Finn,McCambridge,Skalith
Fin,Mandrake,Avavee
Ofella,Giacoppo,Skinte
Missie,Feldhuhn,Twitterworks
Cissiee,McCorkindale,Tagtune
Kristan,Haukey,Mybuzz
Marlyn,Joe,Dabfeed
Marcello,Aves,Edgeify
Aili,Hurt,Yakijo
Laina,Gringley,Voolia
Gerladina,Godfree,Topiczoom
Holt,Draycott,Oyondu
Abra,Iacovaccio,Myworks
Skippy,Fransewich,Youfeed
Gun,Skinner,Reallinks
Mal,Belchamp,Realfire
Sharyl,Manuele,Tagopia
Sabrina,Zimmerman,Feednation
Hillard,McCrie,Skajo
Marjy,Candie,Pixope
Paulette,Munson,Realbuzz
Abran,Thurman,Devshare
Ketty,Arne,Divavu
Carole,Spaight,Bubblebox
Fanchette,Prujean,Avamba
Elmore,Sayle,Browsezoom
Liesa,Wilber,Livetube
Errick,Petyanin,Photolist
Patty,Kalewe,Trilia
Kial,Pearcy,Oba
Nonna,Stobie,Yambee
Leodora,Grunder,Buzzbean
Trudy,Aronoff,Skyvu
Dudley,Pratten,Zooxo
Tedra,Crompton,Divape
Cathy,Swainson,Bubblebox
Sindee,Robertacci,Centidel
Zebulen,Selcraig,Oyoloo
Alic,Silverwood,Ailane
Skipper,Tomaschke,Twitterbeat
Fanechka,Sympson,Trilia
Anderea,Muggleton,Youopia
Glyn,McElory,Twinder
Joby,Lampens,Viva
Margeaux,Joscelyn,Mynte
Inigo,Cullip,Browsecat
Michaela,Trayford,Eazzy
Doretta,Hentzeler,Bubbletube
Hymie,Cardero,Aimbu
Terrill,Conradsen,Skinte
Belita,Sherebrooke,Rooxo
Alexandre,Phidgin,Fadeo
Giustina,Colcomb,Zooxo
Port,Spiteri,Demizz
Theresa,Chazier,Fivechat
Gustave,Josefson,Twinder
Marigold,Trimbey,Kazu
Kelley,Angell,Rhybox
Tedmund,Heggman,Thoughtsphere
Pryce,Lankester,Blogspan
Matt,Lewens,Meedoo
Babs,Jersh,Jayo
Mufinella,Wych,Zoomzone
Jule,Ronchetti,Fivespan
Barbee,Budding,Fivespan
Garnet,Pickthorne,Ainyx
Averell,Duley,Kayveo
Janis,Alwen,Dazzlesphere
Rolf,Lyfield,Tazz
Ogdan,Hutable,Vipe
Maire,Gabites,Babbleopia
Rowland,Warrillow,Wordify
Velvet,Roscam,Fatz
Jamey,Karlowicz,Gigashots
Leoine,Fox,Mycat
Misha,Galliver,Brainsphere
Stearne,Lafayette,Chatterpoint
Gates,Batrop,Quinu
Gerty,MacFadin,Brainlounge
Daisey,Burgh,Rhycero
Devlen,Eborn,Dabvine
Oralia,McElvine,Miboo
Clerkclaude,Habbert,Youbridge
Vincenty,Chalmers,Ozu
Mozelle,Brockie,Skalith
Jacquie,Arnowitz,Ailane
Der,McMahon,Voolith
Ninnette,Barnewell,Photobug
Averil,Fogt,Quinu
Andriette,Blease,Innojam
Lari,Clarae,Brightdog
Micheline,Pandey,Quatz
Marlo,Childes,Meetz
Donnie,Sparsholt,Oodoo
Carin,Sailor,Gigazoom
Ase,Dauber,Mynte
Petronille,Kyberd,Gabtune
Fergus,Fearnyough,Yacero
Fiann,Moore,Jabberstorm
Marcos,Hartly,Flashdog
Avivah,Rewbottom,Pixope
Beth,Kiernan,Skinder
Jeffry,Fell,Browsebug
Nan,Oxby,Vinte
Harv,Mabbe,Jabbersphere
Daphene,Tredget,Avamba
Kendricks,Pimlock,Aibox
Zia,Hatcliffe,Youspan
Linzy,Harly,Yadel
Burr,Lukianov,Podcat
Desiri,Macken,Yakitri
Curt,Coppins,Fanoodle
Donalt,Noto,Quimba
Maighdiln,Francesconi,Twitterbeat
Rubia,Quinnet,Realbuzz
Stefanie,Ferran,Geba
Burgess,Norvill,Thoughtsphere
Cassie,Mannering,Buzzshare
Lynda,Staresmeare,Zoombeat
Carita,Crier,Yamia
Deina,Mussett,Photojam
Jacinta,Bredes,Realpoint
Karim,Cape,Yozio
Jan,Smithson,Fiveclub
Martie,Gregine,Plambee
Burnaby,Castaneda,Rhynyx
Otto,Deely,Livefish
Adriano,Goring,Riffpedia
Salim,Madgwick,Youtags
Aloysia,Sandy,Ntag
Cirilo,Maplethorp,Brainbox
Zita,Cantos,Gabspot
Nonah,Crystal,Eabox
Wesley,Bridgewater,Plajo
Heather,Tarte,Agimba
